{"cameraMode":{"drawMode":0,"name":"Shaded","section":"Shading Mode"},"sceneLighting":true,"audioPlay":false,"sceneViewState":{"m_AlwaysRefresh":false,"showFog":true,"showSkybox":true,"showFlares":true,"showImageEffects":true,"showParticleSystems":true,"showVisualEffectGraphs":true,"m_FxEnabled":true},"in2DMode":false,"pivot":{"x":25.207988739013673,"y":-25.517528533935548,"z":737.9752807617188},"rotation":{"x":0.35934147238731387,"y":-0.5339769721031189,"z":0.2683028280735016,"w":0.7168400287628174},"size":188.15908813476563,"orthographic":false}