{"cameraMode":{"drawMode":0,"name":"Shaded","section":"Shading Mode"},"sceneLighting":true,"audioPlay":false,"sceneViewState":{"m_AlwaysRefresh":false,"showFog":true,"showSkybox":true,"showFlares":true,"showImageEffects":true,"showParticleSystems":true,"showVisualEffectGraphs":true,"m_FxEnabled":true},"in2DMode":false,"pivot":{"x":1012.3265380859375,"y":149.6277313232422,"z":-525.5267333984375},"rotation":{"x":0.022490639239549638,"y":0.06268332153558731,"z":-0.0010230805492028595,"w":0.9978309869766235},"size":13.147204399108887,"orthographic":false}