{"cameraMode":{"drawMode":0,"name":"Shaded","section":"Shading Mode"},"sceneLighting":true,"audioPlay":false,"sceneViewState":{"m_AlwaysRefresh":false,"showFog":true,"showSkybox":true,"showFlares":true,"showImageEffects":true,"showParticleSystems":true,"showVisualEffectGraphs":true,"m_FxEnabled":true},"in2DMode":false,"pivot":{"x":98.01395416259766,"y":1.2512041330337525,"z":100.54325866699219},"rotation":{"x":0.09159836173057556,"y":-0.7703698873519898,"z":0.11435579508543015,"w":0.6209332942962647},"size":1.375298023223877,"orthographic":false}