{"cameraMode":{"drawMode":0,"name":"Shaded","section":"Shading Mode"},"sceneLighting":false,"audioPlay":false,"sceneViewState":{"m_AlwaysRefresh":false,"showFog":true,"showSkybox":false,"showFlares":true,"showImageEffects":true,"showParticleSystems":true,"showVisualEffectGraphs":true,"m_FxEnabled":true},"in2DMode":false,"pivot":{"x":100.15618133544922,"y":1.938900351524353,"z":100.74845886230469},"rotation":{"x":-0.020941151306033136,"y":0.9587459564208984,"z":-0.07446332275867462,"w":-0.27439573407173159},"size":0.21520908176898957,"orthographic":false}